"date","sales","onpromotion","oil_price"
2013-01-01,2511.618999,0,93.14
2013-01-02,496092.417944,0,93.14
2013-01-03,361461.231124,0,92.97
2013-01-04,354459.6770927,0,93.12
2013-01-05,477350.121229,0,93.12
2013-01-06,519695.401088,0,93.12
2013-01-07,336122.801066,0,93.2
2013-01-08,318347.777981,0,93.21
2013-01-09,302530.809018,0,93.08
2013-01-10,258982.003049,0,93.81
2013-01-11,289737.6850845,0,93.6
2013-01-12,403258.2120105,0,93.6
2013-01-13,464638.547998,0,93.6
2013-01-14,293348.362078,0,94.27
2013-01-15,299129.549954,0,93.26
2013-01-16,318347.913946,0,94.28
2013-01-17,267498.5159755,0,95.49
2013-01-18,296130.850028,0,95.61
2013-01-19,432459.852021,0,95.61
2013-01-20,461092.386047,0,95.61
2013-01-21,311211.26595,0,95.61
2013-01-22,296214.728983,0,96.09
2013-01-23,283258.4530325,0,95.06
2013-01-24,247245.690995,0,95.35
2013-01-25,290022.77193,0,95.15
2013-01-26,413799.7679753,0,95.15
2013-01-27,430411.991233,0,95.15
2013-01-28,285460.169953,0,95.95
2013-01-29,264488.8180765,0,97.62
2013-01-30,281061.127052,0,97.98
2013-01-31,271254.217996,0,97.65
2013-02-01,369402.055266,0,97.46
2013-02-02,518887.462705,0,97.46
2013-02-03,486336.82018,0,97.46
2013-02-04,344308.715017,0,96.21
2013-02-05,321245.83913,0,96.68
2013-02-06,321538.177149,0,96.44
2013-02-07,290807.530973,0,95.84
2013-02-08,347441.789912,0,95.71
2013-02-09,416176.2790747,0,95.71
2013-02-10,300951.328993,0,95.71
2013-02-11,278627.588926,0,97.01
2013-02-12,308800.7909121,0,97.48
2013-02-13,319597.929962,0,97.03
2013-02-14,308164.016957,0,97.3
2013-02-15,320168.883912,0,95.95
2013-02-16,485660.494008,0,95.95
2013-02-17,399588.910014,0,95.95
2013-02-18,350745.573191,0,95.95
2013-02-19,293637.801951,0,96.69
2013-02-20,313803.162034,0,94.92
2013-02-21,267711.1090155,0,92.79
2013-02-22,285679.869131,0,93.12
2013-02-23,412897.349113,0,93.12
2013-02-24,452726.126103,0,93.12
2013-02-25,307110.875933,0,92.74
2013-02-26,270425.0070675,0,92.63
2013-02-27,288401.998919,0,92.84
2013-02-28,278116.291888,0,92.03
2013-03-01,378898.165064,0,90.71
2013-03-02,547857.205258,0,90.71
2013-03-03,559820.580027,0,90.71
2013-03-04,383647.679097,0,90.13
2013-03-05,332189.993189,0,90.88
2013-03-06,335726.580968,0,90.47
2013-03-07,293099.52701,0,91.53
2013-03-08,316600.679967,0,92.01
2013-03-09,453259.496866,0,92.01
2013-03-10,461859.756153,0,92.01
2013-03-11,318379.133021,0,92.07
2013-03-12,271823.37801,0,92.44
2013-03-13,287869.663972,0,92.47
2013-03-14,247541.420096,0,93.03
2013-03-15,315878.090213,0,93.49
2013-03-16,482233.433961,0,93.49
2013-03-17,513439.584913,0,93.49
2013-03-18,330283.80303,0,93.71
2013-03-19,294020.245897,0,92.44
2013-03-20,321207.006946,0,93.21
2013-03-21,269130.127953,0,92.46
2013-03-22,304100.453969,0,93.41
2013-03-23,453192.003086,0,93.41
2013-03-24,449794.636951,0,93.41
2013-03-25,317559.6099585,0,94.55
2013-03-26,275818.2359,0,95.99
2013-03-27,313691.148998,0,96.53
2013-03-28,339293.269022,0,97.24
2013-03-29,345513.132,0,97.24
2013-03-30,452661.356036,0,97.24
2013-03-31,462107.639956,0,97.24
2013-04-01,428816.447912,0,97.1
2013-04-02,377732.827961,0,97.23
2013-04-03,373731.0758793,0,95.02
2013-04-04,308738.385963,0,93.26
2013-04-05,336394.782031,0,92.76
2013-04-06,509424.214023,0,92.76
2013-04-07,519048.376884,0,92.76
2013-04-08,346649.815943,0,93.36
2013-04-09,306335.8019617,0,94.18
2013-04-10,312846.374941,0,94.59
2013-04-11,303223.41301,0,93.44
2013-04-12,314394.967035,0,91.23
2013-04-13,453442.497048,0,91.23
2013-04-14,478417.148813,0,91.23
2013-04-15,338712.458055,0,88.75
2013-04-16,333431.880049,0,88.73
2013-04-17,334990.518942,0,86.65
2013-04-18,281924.509951,0,87.83
2013-04-19,311588.70494,0,88.04
2013-04-20,459884.838043,0,88.04
2013-04-21,485721.032087,0,88.04
2013-04-22,328886.320986,0,88.81
2013-04-23,302097.8329435,0,89.21
2013-04-24,310555.184925,0,91.07
2013-04-25,268790.618996,0,93.27
2013-04-26,304413.556952,0,92.63
2013-04-27,446665.337895,0,92.63
2013-04-28,477623.4729303,0,92.63
2013-04-29,328795.874018,0,94.09
2013-04-30,310186.466894,0,93.22
2013-05-01,507974.636889,0,90.74
2013-05-02,348709.460063,0,93.7
2013-05-03,374291.2510323,0,95.25
2013-05-04,520339.515965,0,95.25
2013-05-05,580268.550981,0,95.25
2013-05-06,369869.383046,0,95.8
2013-05-07,317292.964148,0,95.28
2013-05-08,332477.410968,0,96.24
2013-05-09,305868.0570225,0,96.09
2013-05-10,335937.441949,0,95.81
2013-05-11,512090.58108,0,95.81
2013-05-12,387860.5050145,0,95.81
2013-05-13,350598.06187,0,94.76
2013-05-14,308469.313119,0,93.96
2013-05-15,329113.560081,0,93.95
2013-05-16,307556.946937,0,94.85
2013-05-17,330004.241998,0,95.72
2013-05-18,480969.558942,0,95.72
2013-05-19,518153.554009,0,95.72
2013-05-20,341787.214991,0,96.29
2013-05-21,307178.399952,0,95.55
2013-05-22,301785.4831075,0,93.98
2013-05-23,289261.058026,0,94.12
2013-05-24,398389.241982,0,93.84
2013-05-25,417930.141993,0,93.84
2013-05-26,450631.400068,0,93.84
2013-05-27,321630.8309235,0,93.84
2013-05-28,307329.1680565,0,94.65
2013-05-29,309333.380899,0,93.13
2013-05-30,304344.849939,0,93.57
2013-05-31,330257.841975,0,91.93
2013-06-01,566901.814988,0,91.93
2013-06-02,637698.494958,0,91.93
2013-06-03,426332.097995,0,93.41
2013-06-04,369705.160085,0,93.36
2013-06-05,361791.080915,0,93.66
2013-06-06,317496.765891,0,94.71
2013-06-07,357673.087977,0,96.11
2013-06-08,466292.699096,0,96.11
2013-06-09,526804.730256,0,96.11
2013-06-10,349754.291978,0,95.82
2013-06-11,283858.2159925,0,95.5
2013-06-12,320173.5779987,0,95.98
2013-06-13,282886.9200452,0,96.66
2013-06-14,326956.7421072,0,97.83
2013-06-15,505950.6668701,0,97.83
2013-06-16,435894.082881,0,97.83
2013-06-17,370944.271024,0,97.86
2013-06-18,320885.3399215,0,98.46
2013-06-19,319235.257977,0,98.24
2013-06-20,293877.944015,0,94.89
2013-06-21,319722.6870265,0,93.81
2013-06-22,446347.312096,0,93.81
2013-06-23,504964.845142,0,93.81
2013-06-24,336631.9640383,0,95.07
2013-06-25,305119.530064,0,95.25
2013-06-26,301847.2489636,0,95.47
2013-06-27,266525.458966,0,97
2013-06-28,324210.971803,0,96.36
2013-06-29,509379.108146,0,96.36
2013-06-30,533481.693027,0,96.36
2013-07-01,441758.3880965,0,97.94
2013-07-02,390958.38408,0,99.65
2013-07-03,374551.917949,0,101.92
2013-07-04,327020.179028,0,101.92
2013-07-05,351401.500074,0,103.09
2013-07-06,479514.493924,0,103.09
2013-07-07,500606.073078,0,103.09
2013-07-08,365452.995017,0,103.03
2013-07-09,317279.1449993,0,103.46
2013-07-10,314134.886071,0,106.41
2013-07-11,281750.931023,0,104.77
2013-07-12,308786.438133,0,105.85
2013-07-13,432569.1022205,0,105.85
2013-07-14,438722.417857,0,105.85
2013-07-15,348803.0469486,0,106.2
2013-07-16,335516.229006,0,105.88
2013-07-17,324313.8180255,0,106.39
2013-07-18,287074.8739522,0,107.94
2013-07-19,313332.555049,0,108
2013-07-20,435497.731013,0,108
2013-07-21,437952.624049,0,108
2013-07-22,342802.29905,0,106.61
2013-07-23,316257.463107,0,107.13
2013-07-24,309243.7899995,0,105.41
2013-07-25,298074.2249247,0,105.47
2013-07-26,318745.692921,0,104.76
2013-07-27,423890.5020012,0,104.76
2013-07-28,433358.6520873,0,104.76
2013-07-29,331493.2850525,0,104.61
2013-07-30,318553.989932,0,103.14
2013-07-31,357982.979012,0,105.1
2013-08-01,397555.3181021,0,107.93
2013-08-02,393831.120007,0,106.94
2013-08-03,516956.846013,0,106.94
2013-08-04,514267.27594,0,106.94
2013-08-05,407033.810946,0,106.61
2013-08-06,357263.854086,0,105.32
2013-08-07,351302.132003,0,104.41
2013-08-08,310953.0239315,0,103.45
2013-08-09,337521.667868,0,106.04
2013-08-10,434184.94409,0,106.04
2013-08-11,434720.3230013,0,106.04
2013-08-12,349539.224033,0,106.19
2013-08-13,317103.331061,0,106.78
2013-08-14,324377.386893,0,106.89
2013-08-15,311043.17291,0,107.43
2013-08-16,364487.3218839,0,107.58
2013-08-17,448835.3109167,0,107.58
2013-08-18,464053.7730675,0,107.58
2013-08-19,362085.52696,0,107.14
2013-08-20,343046.11398,0,104.9
2013-08-21,335724.643932,0,103.93
2013-08-22,306473.26098,0,104.93
2013-08-23,331906.369098,0,106.48
2013-08-24,420576.154994,0,106.48
2013-08-25,443694.093754,0,106.48
2013-08-26,347159.6410143,0,105.88
2013-08-27,319688.2190185,0,109.11
2013-08-28,319322.060993,0,110.17
2013-08-29,294518.685943,0,108.51
2013-08-30,354932.930947,0,107.98
2013-08-31,523631.3811059,0,107.98
2013-09-01,640406.221875,0,107.98
2013-09-02,458792.960966,0,107.98
2013-09-03,397680.420032,0,108.67
2013-09-04,392565.48591,0,107.29
2013-09-05,330622.779063,0,108.5
2013-09-06,335442.247929,0,110.62
2013-09-07,518584.247,0,110.62
2013-09-08,560852.005091,0,110.62
2013-09-09,377151.7070027,0,109.62
2013-09-10,308074.4658225,0,107.48
2013-09-11,323124.61885,0,107.65
2013-09-12,282855.730937,0,108.72
2013-09-13,319556.942029,0,108.31
2013-09-14,476364.004996,0,108.31
2013-09-15,532852.959041,0,108.31
2013-09-16,373229.840879,0,106.54
2013-09-17,327282.949966,0,105.36
2013-09-18,315687.718926,0,108.23
2013-09-19,279580.372008,0,106.26
2013-09-20,331846.9039701,0,104.7
2013-09-21,468298.380896,0,104.7
2013-09-22,502068.7019007,0,104.7
2013-09-23,356043.0340047,0,103.62
2013-09-24,303333.392926,0,103.22
2013-09-25,312490.104996,0,102.68
2013-09-26,273057.8798588,0,103.1
2013-09-27,320246.574024,0,102.86
2013-09-28,484903.6890081,0,102.86
2013-09-29,522868.441946,0,102.86
2013-09-30,367068.4500143,0,102.36
2013-10-01,436441.034076,0,102.09
2013-10-02,414455.6550375,0,104.15
2013-10-03,348933.24703,0,103.29
2013-10-04,378109.978059,0,103.83
2013-10-05,540156.625057,0,103.83
2013-10-06,553031.424016,0,103.83
2013-10-07,373387.109043,0,103.07
2013-10-08,326726.7240121,0,103.54
2013-10-09,322529.418957,0,101.63
2013-10-10,305047.0980576,0,103.08
2013-10-11,402913.849028,0,102.17
2013-10-12,426379.6909939,0,102.17
2013-10-13,481781.2559686,0,102.17
2013-10-14,342694.7209944,0,102.46
2013-10-15,305242.569986,0,101.15
2013-10-16,355696.963943,0,102.34
2013-10-17,312949.412961,0,100.72
2013-10-18,323327.873107,0,100.87
2013-10-19,488245.570001,0,100.87
2013-10-20,537713.5090483,0,100.87
2013-10-21,348721.327971,0,99.28
2013-10-22,301641.7850828,0,97.63
2013-10-23,323105.11598,0,96.9
2013-10-24,276059.0800025,0,96.65
2013-10-25,317570.4260338,0,97.4
2013-10-26,452902.363914,0,97.4
2013-10-27,512891.4830689,0,97.4
2013-10-28,346941.91396,0,98.74
2013-10-29,302332.9969864,0,98.29
2013-10-30,319494.7050373,0,96.81
2013-10-31,298195.433106,0,96.29
2013-11-01,403637.232955,0,94.56
2013-11-02,540615.555037,0,94.56
2013-11-03,602796.556029,0,94.56
2013-11-04,424314.167046,0,94.58
2013-11-05,393322.182909,0,93.4
2013-11-06,386426.9788195,0,94.74
2013-11-07,346293.3400477,0,94.25
2013-11-08,358473.978049,0,94.56
2013-11-09,513850.32307,0,94.56
2013-11-10,587666.490239,0,94.56
2013-11-11,374087.890067,0,95.13
2013-11-12,373277.748034,0,93.12
2013-11-13,332279.2568851,0,93.91
2013-11-14,284567.4029707,0,93.76
2013-11-15,349383.296052,0,93.8
2013-11-16,524065.5881155,0,93.8
2013-11-17,579209.228924,0,93.8
2013-11-18,391945.551999,0,93.03
2013-11-19,329455.2710234,0,93.35
2013-11-20,354337.734795,0,93.34
2013-11-21,298047.047965,0,95.35
2013-11-22,340734.213038,0,94.53
2013-11-23,485544.298837,0,94.53
2013-11-24,550925.293106,0,94.53
2013-11-25,365965.5090102,0,93.86
2013-11-26,323292.830024,0,93.41
2013-11-27,337083.286026,0,92.05
2013-11-28,305982.981947,0,92.05
2013-11-29,357000.404165,0,92.55
2013-11-30,541977.655801,0,92.55
2013-12-01,698217.128989,0,92.55
2013-12-02,495488.366984,0,93.61
2013-12-03,424438.046973,0,95.83
2013-12-04,424147.0459855,0,96.97
2013-12-05,386406.804985,0,97.14
2013-12-06,432661.755068,0,97.48
2013-12-07,537181.319801,0,97.48
2013-12-08,588855.895921,0,97.48
2013-12-09,442309.3141075,0,97.1
2013-12-10,414421.695986,0,98.32
2013-12-11,422957.198908,0,97.25
2013-12-12,384256.080979,0,97.21
2013-12-13,434657.0129787,0,96.27
2013-12-14,554911.917024,0,96.27
2013-12-15,642015.7758165,0,96.27
2013-12-16,516060.290853,0,97.18
2013-12-17,480470.7168425,0,96.99
2013-12-18,527481.336925,0,97.59
2013-12-19,507461.038187,0,98.4
2013-12-20,544104.2676365,0,99.11
2013-12-21,685673.07474,0,99.11
2013-12-22,696295.146867,0,99.11
2013-12-23,792865.284427,0,98.62
2013-12-24,620663.290732,0,98.87
2013-12-26,470731.1624137,0,99.18
2013-12-27,479314.968043,0,99.94
2013-12-28,556952.305979,0,99.94
2013-12-29,499719.5049237,0,99.94
2013-12-30,635134.7358515,0,98.9
2013-12-31,507264.6630475,0,98.17
2014-01-01,8602.065404,0,98.17
2014-01-02,801011.226041,0,95.14
2014-01-03,680672.845603,0,93.66
2014-01-04,936628.8866039,0,93.66
2014-01-05,949618.78894,0,93.66
2014-01-06,602268.564009,0,93.12
2014-01-07,563450.5988595,0,93.31
2014-01-08,636176.853478,0,91.9
2014-01-09,496377.933414,0,91.36
2014-01-10,543055.329066,0,92.39
2014-01-11,787321.455619,0,92.39
2014-01-12,844633.598917,0,92.39
2014-01-13,555547.0150185,0,91.45
2014-01-14,502643.104285,0,92.15
2014-01-15,567067.469069,0,93.78
2014-01-16,502789.214207,0,93.54
2014-01-17,542937.915657,0,93.96
2014-01-18,786779.8899055,0,93.96
2014-01-19,851735.334091,0,93.96
2014-01-20,575850.061871,0,93.96
2014-01-21,538817.207912,0,94.51
2014-01-22,553097.596874,0,96.35
2014-01-23,460789.0398597,0,97.23
2014-01-24,526124.572256,0,96.66
2014-01-25,733880.979053,0,96.66
2014-01-26,814057.732862,0,96.66
2014-01-27,540798.833711,0,95.82
2014-01-28,481593.435798,0,97.49
2014-01-29,512853.989922,0,97.34
2014-01-30,453642.9707033,0,98.25
2014-01-31,560816.192394,0,97.55
2014-02-01,648870.19898,0,97.55
2014-02-02,619805.537102,0,97.55
2014-02-03,461637.5229585,0,96.44
2014-02-04,403189.5869763,0,97.24
2014-02-05,399138.3059075,0,97.4
2014-02-06,359139.101529,0,97.84
2014-02-07,389471.568011,0,99.98
2014-02-08,530128.059914,0,99.98
2014-02-09,520753.7470746,0,99.98
2014-02-10,396622.737011,0,100.12
2014-02-11,358382.7339877,0,99.96
2014-02-12,387758.393971,0,100.38
2014-02-13,347373.2985675,0,100.27
2014-02-14,361206.4069057,0,100.31
2014-02-15,538893.357859,0,100.31
2014-02-16,595300.23508,0,100.31
2014-02-17,412029.2879535,0,100.31
2014-02-18,365331.247942,0,102.54
2014-02-19,360161.6390075,0,103.46
2014-02-20,322451.9201135,0,103.2
2014-02-21,369403.653633,0,102.53
2014-02-22,538206.082827,0,102.53
2014-02-23,487896.463891,0,102.53
2014-02-24,404224.188997,0,103.17
2014-02-25,351418.110084,0,102.2
2014-02-26,353604.266985,0,102.93
2014-02-27,330330.185244,0,102.68
2014-02-28,425624.795466,0,102.88
2014-03-01,911360.2578707,0,102.88
2014-03-02,667413.052988,0,102.88
2014-03-03,613973.031386,0,105.34
2014-03-04,748930.902096,0,103.64
2014-03-05,741756.416525,0,101.75
2014-03-06,614082.444339,0,101.82
2014-03-07,598242.341178,0,102.82
2014-03-08,753345.259201,0,102.82
2014-03-09,916117.649984,0,102.82
2014-03-10,587414.828974,0,101.39
2014-03-11,539365.375063,0,100.29
2014-03-12,575676.797032,0,98.29
2014-03-13,473298.042544,0,98.57
2014-03-14,530515.2554715,0,99.23
2014-03-15,731049.789851,0,99.23
2014-03-16,929808.492772,0,99.23
2014-03-17,612719.522118,0,98.43
2014-03-18,537427.86875,0,100.08
2014-03-19,585974.657018,0,100.71
2014-03-20,500897.112641,0,99.68
2014-03-21,548811.469984,0,99.97
2014-03-22,771704.933772,0,99.97
2014-03-23,838814.636064,0,99.97
2014-03-24,571762.044919,0,100.05
2014-03-25,539861.6183493,0,99.66
2014-03-26,569680.543547,0,100.61
2014-03-27,468581.398304,0,101.25
2014-03-28,538905.781947,0,101.73
2014-03-29,822333.142686,0,101.73
2014-03-30,873958.8396415,0,101.73
2014-03-31,651800.509461,0,101.57
2014-04-01,485079.887001,8,99.69
2014-04-02,463917.316107,4,99.6
2014-04-03,388867.961418,120,100.29
2014-04-04,422578.745073,5,101.16
2014-04-05,617680.194045,7,101.16
2014-04-06,631888.250898,7,101.16
2014-04-07,426091.1040178,3,100.43
2014-04-08,376663.272105,8,102.57
2014-04-09,375309.082012,4,103.55
2014-04-10,334052.7571255,119,103.37
2014-04-11,379646.845927,14,103.68
2014-04-12,529919.922964,10,103.68
2014-04-13,540190.281942,16,103.68
2014-04-14,381386.309033,8,104.05
2014-04-15,364689.054991,45,103.7
2014-04-16,411357.084985,45,103.71
2014-04-17,397464.842904,455,104.33
2014-04-18,394392.184115,37,104.33
2014-04-19,496904.749136,36,104.33
2014-04-20,520126.3980386,56,104.33
2014-04-21,398677.396998,28,104.35
2014-04-22,370552.249018,49,101.69
2014-04-23,372232.595049,58,101.47
2014-04-24,320875.477858,460,102.2
2014-04-25,357173.708433,22,100.85
2014-04-26,497334.735036,39,100.85
2014-04-27,560508.420995,52,100.85
2014-04-28,362271.9169815,65,101.13
2014-04-29,326338.348031,73,101.56
2014-04-30,357079.964912,86,100.07
2014-05-01,530380.848064,547,99.69
2014-05-02,443284.891212,215,100.09
2014-05-03,610391.748971,72,100.09
2014-05-04,646164.863883,58,100.09
2014-05-05,427601.704071,67,99.74
2014-05-06,388945.890086,84,99.81
2014-05-07,391932.183945,71,101.06
2014-05-08,337483.713217,472,100.52
2014-05-09,381335.196055,218,100.32
2014-05-10,577012.026997,61,100.32
2014-05-11,454512.928937,59,100.32
2014-05-12,398251.889006,61,100.89
2014-05-13,360734.522978,65,102.01
2014-05-14,356373.806985,151,102.63
2014-05-15,332272.8296378,534,101.74
2014-05-16,380822.742652,1188,102.31
2014-05-17,537873.964019,129,102.31
2014-05-18,634519.7368283,139,102.31
2014-05-19,388814.744958,110,102.95
2014-05-20,354372.33997,157,102.8
2014-05-21,356898.483031,191,104.31
2014-05-22,310660.142642,1561,104.03
2014-05-23,349549.892726,1274,105.01
2014-05-24,516627.261707,220,105.01
2014-05-25,573412.21016,218,105.01
2014-05-26,373831.086112,188,105.01
2014-05-27,327642.143098,196,104.78
2014-05-28,338481.784057,192,103.37
2014-05-29,326624.5773325,1586,104.26
2014-05-30,375782.6398709,1224,103.4
2014-05-31,597192.467989,267,103.4
2014-06-01,742732.830236,123,103.4
2014-06-02,512725.7729758,195,103.07
2014-06-03,443636.187975,213,103.34
2014-06-04,423284.494993,236,103.27
2014-06-05,359474.513823,1616,103.17
2014-06-06,391266.125449,1264,103.32
2014-06-07,557142.461024,197,103.32
2014-06-08,626026.956957,215,103.32
2014-06-09,415798.946041,199,105.09
2014-06-10,351689.4229725,199,105.02
2014-06-11,373828.16418,258,105.04
2014-06-12,329408.06736,1979,107.2
2014-06-13,392308.374573,1335,107.49
2014-06-14,622072.988944,278,107.49
2014-06-15,441279.9339945,250,107.49
2014-06-16,447450.23987,338,107.52
2014-06-17,380396.036044,380,106.95
2014-06-18,373408.6641423,425,106.64
2014-06-19,332280.935096,2359,107.08
2014-06-20,369206.789547,1933,107.95
2014-06-21,538613.855166,308,107.95
2014-06-22,591184.1240535,360,107.95
2014-06-23,414929.6359765,237,106.83
2014-06-24,340464.7450455,266,106.64
2014-06-25,355342.398017,354,107.04
2014-06-26,315798.180924,2168,106.49
2014-06-27,370793.573429,2732,106.46
2014-06-28,510870.81398,425,106.46
2014-06-29,567218.8850125,302,106.46
2014-06-30,429324.0552005,352,106.07
2014-07-01,720480.616788,2320,106.06
2014-07-02,747430.1471275,4310,105.18
2014-07-03,583844.7207922,2383,104.76
2014-07-04,595424.31324,4056,104.76
2014-07-05,817307.1101677,610,104.76
2014-07-06,918276.596259,583,104.76
2014-07-07,638526.428909,492,104.19
2014-07-08,557291.4975265,2183,104.06
2014-07-09,574451.409963,4281,102.93
2014-07-10,498047.54898,2465,103.61
2014-07-11,535644.182793,4057,101.48
2014-07-12,756698.7523005,568,101.48
2014-07-13,733653.779849,720,101.48
2014-07-14,584867.15114,617,101.73
2014-07-15,562860.0268329,2329,100.56
2014-07-16,621336.4939885,4446,101.88
2014-07-17,498221.7050971,2416,103.84
2014-07-18,547619.0590519,4275,103.83
2014-07-19,728988.226204,759,103.83
2014-07-20,776474.1180457,636,103.83
2014-07-21,600228.430008,592,105.34
2014-07-22,530276.040011,2287,104.59
2014-07-23,574168.635995,4459,103.81
2014-07-24,484618.8170115,2425,102.76
2014-07-25,579767.285128,4395,105.23
2014-07-26,688919.5500267,673,105.23
2014-07-27,747307.86662,605,105.23
2014-07-28,583936.68549,557,105.68
2014-07-29,524743.3250017,2207,104.91
2014-07-30,578056.965281,4640,104.29
2014-07-31,532423.558194,2319,98.23
2014-08-01,506826.7949305,4407,97.86
2014-08-02,626533.637869,506,97.86
2014-08-03,625898.205888,453,97.86
2014-08-04,471173.304022,402,98.26
2014-08-05,417197.476176,395,97.34
2014-08-06,402914.370941,515,96.93
2014-08-07,359701.532989,2310,97.34
2014-08-08,397759.9389829,4308,97.61
2014-08-09,496192.787084,574,97.61
2014-08-10,509681.7650025,612,97.61
2014-08-11,409544.575013,530,98.09
2014-08-12,353898.211991,488,97.36
2014-08-13,372116.544964,623,97.57
2014-08-14,340740.8170565,2331,95.54
2014-08-15,402631.8400593,4456,97.3
2014-08-16,533996.15517,578,97.3
2014-08-17,564443.173007,559,97.3
2014-08-18,433042.298907,514,96.44
2014-08-19,379329.9530773,512,94.35
2014-08-20,398126.790988,582,96.4
2014-08-21,355108.8749955,2412,93.97
2014-08-22,388359.8983235,4479,93.61
2014-08-23,499678.208204,649,93.61
2014-08-24,528990.5611087,680,93.61
2014-08-25,412250.075007,591,95.39
2014-08-26,355053.9079745,516,95.78
2014-08-27,366321.498077,623,95.82
2014-08-28,327912.427,2175,96.44
2014-08-29,403288.917062,4268,97.86
2014-08-30,586373.694132,437,97.86
2014-08-31,660088.183052,455,97.86
2014-09-01,812526.219024,633,97.86
2014-09-02,717351.552768,2300,92.92
2014-09-03,726683.8617375,4724,95.5
2014-09-04,551340.0774347,2657,94.51
2014-09-05,603043.241921,4802,93.32
2014-09-06,870139.4459765,959,93.32
2014-09-07,997964.077948,942,93.32
2014-09-08,648651.744928,802,92.64
2014-09-09,562420.568002,2511,92.73
2014-09-10,612987.4722337,4874,91.71
2014-09-11,483462.953022,2737,92.89
2014-09-12,564382.847851,4727,92.18
2014-09-13,795802.238124,1018,92.18
2014-09-14,896501.5622945,1020,92.18
2014-09-15,630710.5728885,870,92.86
2014-09-16,608239.973016,2647,94.91
2014-09-17,617472.3442115,4999,94.33
2014-09-18,479500.843061,2683,93.07
2014-09-19,550213.093909,4614,92.43
2014-09-20,808490.763077,898,92.43
2014-09-21,901420.451004,975,92.43
2014-09-22,589120.293928,798,91.46
2014-09-23,559954.304399,2593,91.55
2014-09-24,598183.114508,4837,93.6
2014-09-25,466867.377076,2489,93.59
2014-09-26,515474.223943,4319,95.55
2014-09-27,781202.367982,632,95.55
2014-09-28,886531.789814,739,95.55
2014-09-29,586682.822002,582,94.53
2014-09-30,599093.9157257,2278,91.17
2014-10-01,784500.253914,4804,90.74
2014-10-02,634306.519052,2616,91.02
2014-10-03,675639.295098,4482,89.76
2014-10-04,931317.51302,735,89.76
2014-10-05,985466.962071,658,89.76
2014-10-06,641480.757266,606,90.33
2014-10-07,586410.2709706,2353,88.89
2014-10-08,620201.323059,4784,87.29
2014-10-09,510519.923104,2450,85.76
2014-10-10,702470.317955,4569,85.87
2014-10-11,748309.153739,564,85.87
2014-10-12,843971.132714,648,85.87
2014-10-13,611726.926015,565,85.73
2014-10-14,550589.573294,2357,81.72
2014-10-15,624797.469491,4945,81.82
2014-10-16,538252.607117,2557,82.33
2014-10-17,558538.135999,4551,82.8
2014-10-18,820840.970792,769,82.8
2014-10-19,935410.595877,769,82.8
2014-10-20,624629.990941,609,82.76
2014-10-21,542207.165266,2086,83.25
2014-10-22,584926.355993,4755,80.52
2014-10-23,492233.2322,2526,82.81
2014-10-24,528403.680064,4477,81.27
2014-10-25,758926.230707,1003,81.27
2014-10-26,892128.498949,1020,81.27
2014-10-27,572806.6319285,583,81.26
2014-10-28,512678.811505,2327,81.36
2014-10-29,560819.6780005,4953,82.25
2014-10-30,459715.26616,2357,81.06
2014-10-31,561876.0719155,4421,80.53
2014-11-01,873539.2478855,975,80.53
2014-11-02,709851.4922288,944,80.53
2014-11-03,973192.041735,690,78.77
2014-11-04,702751.953595,2373,77.15
2014-11-05,718799.9390395,4858,78.71
2014-11-06,566118.381055,2519,77.87
2014-11-07,585330.25773,4392,78.71
2014-11-08,816064.644983,861,78.71
2014-11-09,941478.422301,956,78.71
2014-11-10,593376.793073,540,77.43
2014-11-11,552505.750307,2362,77.85
2014-11-12,588093.484021,4810,77.16
2014-11-13,468057.386823,2503,74.13
2014-11-14,553007.970965,4434,75.91
2014-11-15,786124.201177,1184,75.91
2014-11-16,956619.401927,1058,75.91
2014-11-17,620876.340058,754,75.64
2014-11-18,553367.204141,2663,74.55
2014-11-19,580234.0113007,5147,74.55
2014-11-20,511855.7610447,2824,75.63
2014-11-21,567978.732759,4573,76.52
2014-11-22,763720.148593,868,76.52
2014-11-23,907432.656994,973,76.52
2014-11-24,610847.95702,710,75.74
2014-11-25,541225.608011,2544,74.04
2014-11-26,579125.306002,5021,73.7
2014-11-27,475823.897052,2774,73.7
2014-11-28,559619.825094,4654,65.94
2014-11-29,850925.105136,994,65.94
2014-11-30,1023691.281592,1076,65.94
2014-12-01,817413.561974,1423,68.98
2014-12-02,735319.1840285,3045,66.99
2014-12-03,715127.614539,5359,67.3
2014-12-04,578961.517004,3216,66.73
2014-12-05,635445.153317,4849,65.89
2014-12-06,829386.70612,1151,65.89
2014-12-07,1013889.8074,1165,65.89
2014-12-08,790283.289992,922,63.13
2014-12-09,665123.962957,2992,63.74
2014-12-10,732121.033873,5562,60.99
2014-12-11,580542.178879,3159,60.01
2014-12-12,642760.387245,4853,57.81
2014-12-13,854830.905829,1261,57.81
2014-12-14,999106.1325775,1410,57.81
2014-12-15,790182.945791,1025,55.96
2014-12-16,799067.056179,2973,55.97
2014-12-17,779966.499188,5290,56.43
2014-12-18,731938.479893,3179,54.18
2014-12-19,757349.3758179,4940,56.91
2014-12-20,935555.52434,1534,56.91
2014-12-21,1056605.2012285,1579,56.91
2014-12-22,1008143.3460193,1582,55.25
2014-12-23,1064977.9730725,3365,56.78
2014-12-24,965982.871715,5828,55.7
2014-12-26,872098.456795,5714,54.59
2014-12-27,740596.158932,1747,54.59
2014-12-28,716329.635071,1859,54.59
2014-12-29,773998.401175,1783,53.46
2014-12-30,912970.533204,3494,54.14
2014-12-31,844380.469674,5648,53.45
2015-01-01,12773.61698,12,53.45
2015-01-02,657763.391981,4949,52.72
2015-01-03,648880.686926,1306,52.72
2015-01-04,730923.776022,1295,52.72
2015-01-05,569267.29796,1148,50.05
2015-01-06,477886.741053,1042,47.98
2015-01-07,494160.850117,1291,48.69
2015-01-08,417482.689131,3063,48.8
2015-01-09,439381.226073,4761,48.35
2015-01-10,569956.90801,954,48.35
2015-01-11,694860.9511,1058,48.35
2015-01-12,442845.544014,1043,46.06
2015-01-13,393799.993059,1213,45.92
2015-01-14,400923.97107,1586,48.49
2015-01-15,371146.144942,2608,46.37
2015-01-16,423599.9357975,4510,48.49
2015-01-17,621865.434007,712,48.49
2015-01-18,678277.030991,577,48.49
2015-01-19,448217.896919,588,48.49
2015-01-20,405308.77722,569,46.79
2015-01-21,413202.592067,697,47.85
2015-01-22,364862.5390355,2598,45.93
2015-01-23,416937.181925,4475,45.26
2015-01-24,588849.871003,632,45.26
2015-01-25,631623.951015,616,45.26
2015-01-26,410009.617966,540,44.8
2015-01-27,360009.850046,560,45.84
2015-01-28,376935.916035,639,44.08
2015-01-29,343062.160973,2696,44.12
2015-01-30,435899.6719165,4647,47.79
2015-01-31,656205.841844,763,47.79
2015-02-01,815294.475951,727,47.79
2015-02-02,538301.886974,653,49.25
2015-02-03,475249.842928,583,53.04
2015-02-04,451923.147059,687,48.45
2015-02-05,407491.967944,2640,50.48
2015-02-06,437147.54517,4645,51.66
2015-02-07,599911.594879,721,51.66
2015-02-08,622994.231951,690,51.66
2015-02-09,458002.152043,722,52.99
2015-02-10,400825.9849177,694,50.06
2015-02-11,400115.3330245,766,48.8
2015-02-12,384963.142969,2613,51.17
2015-02-13,493265.468013,4536,52.66
2015-02-14,562855.068099,697,52.66
2015-02-15,434886.671834,576,52.66
2015-02-16,420740.903983,574,52.66
2015-02-17,483088.134093,609,53.56
2015-02-18,497499.057967,670,52.13
2015-02-19,436360.905914,2616,51.12
2015-02-20,483681.015026,4387,49.95
2015-02-21,572753.075038,443,49.95
2015-02-22,691339.067796,573,49.95
2015-02-23,443349.890841,425,49.56
2015-02-24,407890.277971,411,48.48
2015-02-25,395774.954032,476,50.25
2015-02-26,354938.226975,2631,47.65
2015-02-27,436488.424914,4475,49.84
2015-02-28,635263.400075,504,49.84
2015-03-01,820434.978924,617,49.84
2015-03-02,546037.787999,464,49.59
2015-03-03,492365.24083,571,50.43
2015-03-04,483330.548167,608,51.53
2015-03-05,428599.809059,2679,50.76
2015-03-06,463723.974873,4451,49.61
2015-03-07,657377.210913,660,49.61
2015-03-08,659563.411966,538,49.61
2015-03-09,480371.950086,557,49.95
2015-03-10,457881.7640763,567,48.42
2015-03-11,425617.727075,572,48.06
2015-03-12,382588.6690535,2664,47.12
2015-03-13,434805.995204,4501,44.88
2015-03-14,616609.760896,649,44.88
2015-03-15,662700.871933,636,44.88
2015-03-16,466598.425914,597,43.93
2015-03-17,415359.51603,581,43.39
2015-03-18,398629.999994,600,44.63
2015-03-19,373324.3829895,2698,44.02
2015-03-20,467687.945081,4477,46
2015-03-21,624099.228222,597,46
2015-03-22,646466.401887,666,46
2015-03-23,462664.2370045,543,47.4
2015-03-24,407369.722015,445,47.03
2015-03-25,408258.189916,579,48.75
2015-03-26,367006.957001,2769,51.41
2015-03-27,436906.608975,4596,48.83
2015-03-28,589854.7040575,587,48.83
2015-03-29,641213.770163,669,48.83
2015-03-30,437878.834978,632,48.66
2015-03-31,443278.893073,590,47.72
2015-04-01,557223.161038,777,50.12
2015-04-02,524588.902022,2854,49.13
2015-04-03,510296.785948,4598,49.13
2015-04-04,653894.195903,712,49.13
2015-04-05,659669.577136,707,49.13
2015-04-06,519734.816963,578,52.08
2015-04-07,464788.21798,631,53.95
2015-04-08,461140.213006,753,50.44
2015-04-09,398718.315935,2883,50.79
2015-04-10,445869.298012,4725,51.63
2015-04-11,610603.017074,736,51.63
2015-04-12,659939.024086,715,51.63
2015-04-13,453724.756048,643,51.95
2015-04-14,403623.396979,666,53.3
2015-04-15,438106.287965,739,56.25
2015-04-16,418643.193957,3374,56.69
2015-04-17,456303.236748,5102,55.71
2015-04-18,629155.66071,1195,55.71
2015-04-19,684544.950159,1249,55.71
2015-04-20,481694.770966,1146,56.37
2015-04-21,426018.313035,1090,55.58
2015-04-22,421108.210059,1250,56.17
2015-04-23,392147.042002,3300,56.59
2015-04-24,437625.507963,5216,55.98
2015-04-25,588781.512939,1185,55.98
2015-04-26,625901.000988,1169,55.98
2015-04-27,425049.148087,1046,55.56
2015-04-28,374839.1850745,1057,57.05
2015-04-29,398724.330055,1012,58.55
2015-04-30,432612.141938,3267,59.62
2015-05-01,674509.400095,5555,59.1
2015-05-02,711052.273896,1343,59.1
2015-05-03,742887.785029,1381,59.1
2015-05-04,556245.147953,1282,58.92
2015-05-05,509493.227021,1240,60.38
2015-05-06,504999.550962,1340,60.93
2015-05-07,444082.309939,3372,58.99
2015-05-08,481304.22297,5130,59.41
2015-05-09,706705.440076,1156,59.41
2015-05-10,558062.273048,1024,59.41
2015-05-11,524864.051063,1055,59.23
2015-05-12,452162.874045,1014,60.72
2015-05-13,446915.639008,1172,60.5
2015-05-14,395609.666087,3153,59.89
2015-05-15,483535.538107,5076,59.73
2015-05-16,709798.552994,1196,59.73
2015-05-17,798186.132143,1060,59.73
2015-05-18,496595.01098,968,59.44
2015-05-19,446375.4880335,999,57.3
2015-05-20,466238.630977,1232,58.96
2015-05-21,417006.136035,3115,60.18
2015-05-22,458727.917031,4923,58.88
2015-05-23,658882.9229615,970,58.88
2015-05-24,738068.426823,1012,58.88
2015-05-25,534802.790004,941,58.88
2015-05-26,463132.406006,887,57.29
2015-05-27,481804.96096,1007,57.51
2015-05-28,428506.881011,3183,57.69
2015-05-29,560519.530038,5079,60.25
2015-05-30,855728.291973,992,60.25
2015-05-31,1023564.76704,1025,60.25
2015-06-01,812081.2027655,1388,60.24
2015-06-02,753430.6418917,3643,61.3
2015-06-03,747929.452075,5581,59.67
2015-06-04,608994.6461083,3401,58
2015-06-05,657675.126037,5144,59.11
2015-06-06,904437.271141,1066,59.11
2015-06-07,1070695.9178497,1068,59.11
2015-06-08,696952.81204,949,58.15
2015-06-09,623725.1071692,3216,60.15
2015-06-10,641435.3719983,5373,61.36
2015-06-11,510019.1489275,1369,60.74
2015-06-12,606616.000975,6500,59.96
2015-06-13,840727.775905,1564,59.96
2015-06-14,967745.7218685,2239,59.96
2015-06-15,666557.1317587,1495,59.53
2015-06-16,672637.824072,3629,60.01
2015-06-17,677171.157112,8606,59.89
2015-06-18,556155.0391433,1775,60.41
2015-06-19,659233.5706609,6748,59.62
2015-06-20,936951.654373,1586,59.62
2015-06-21,790568.421132,2389,59.62
2015-06-22,701208.22895,1617,60.01
2015-06-23,640322.326029,3756,61.05
2015-06-24,643411.714061,9265,60.01
2015-06-25,518700.9558973,1154,59.59
2015-06-26,593299.460788,6213,59.41
2015-06-27,831492.4641955,1166,59.41
2015-06-28,976563.5890657,1994,59.41
2015-06-29,639072.192193,1006,58.34
2015-06-30,669548.425059,2927,59.48
2015-07-01,885953.200992,8448,56.94
2015-07-02,705642.2820965,1306,56.93
2015-07-03,772773.39392,6484,56.93
2015-07-04,1018541.84294,1252,56.93
2015-07-05,982427.6819,2065,56.93
2015-07-06,754949.70914,1033,52.48
2015-07-07,654821.0515315,2971,52.33
2015-07-08,732992.130029,8236,51.61
2015-07-09,605032.4963965,1214,52.76
2015-07-10,643986.381178,6406,52.74
2015-07-11,794984.703157,1137,52.74
2015-07-12,898731.936734,1942,52.74
2015-07-13,647967.077874,1009,52.19
2015-07-14,601452.258023,2851,53.05
2015-07-15,664505.100179,8255,51.4
2015-07-16,584042.727022,1225,50.9
2015-07-17,653452.17114,6503,50.88
2015-07-18,826353.336031,1126,50.88
2015-07-19,894707.299378,1938,50.88
2015-07-20,685961.243972,1357,50.11
2015-07-21,607836.498977,3157,50.59
2015-07-22,631385.408886,8415,49.27
2015-07-23,541511.421067,1482,48.11
2015-07-24,635244.2449785,6714,47.98
2015-07-25,797427.520942,1529,47.98
2015-07-26,875032.0362592,2383,47.98
2015-07-27,652999.1942961,1466,47.17
2015-07-28,594977.6665523,3408,47.97
2015-07-29,625449.98155,8747,48.77
2015-07-30,543393.592625,1662,48.53
2015-07-31,695083.4489723,7021,47.11
2015-08-01,1044894.790061,1448,47.11
2015-08-02,1043495.475018,2194,47.11
2015-08-03,811119.83411,1405,45.25
2015-08-04,726613.35811,3489,45.75
2015-08-05,724346.594,8919,45.13
2015-08-06,583375.211759,1529,44.69
2015-08-07,663326.5180703,6744,43.87
2015-08-08,784099.215997,1436,43.87
2015-08-09,679410.125135,2287,43.87
2015-08-10,785477.934216,1389,44.94
2015-08-11,668280.357956,3358,43.11
2015-08-12,678064.7316857,7917,43.22
2015-08-13,557859.477954,1482,42.27
2015-08-14,734484.205049,6748,42.45
2015-08-15,936339.026059,1434,42.45
2015-08-16,913846.62503,2166,42.45
2015-08-17,694747.161863,1393,41.93
2015-08-18,629475.6430527,3316,42.58
2015-08-19,653733.3600063,7781,40.75
2015-08-20,569443.704073,1511,41
2015-08-21,653281.208151,7086,40.45
2015-08-22,803270.157597,1653,40.45
2015-08-23,865755.397429,2412,40.45
2015-08-24,681575.9899773,1491,38.22
2015-08-25,624698.33755,3525,39.15
2015-08-26,640075.9908365,8142,38.5
2015-08-27,548043.327354,1462,42.47
2015-08-28,635737.2322,6846,45.29
2015-08-29,876953.096934,1484,45.29
2015-08-30,975697.601858,2310,45.29
2015-08-31,776152.5521897,1257,49.2
2015-09-01,906549.992952,3595,45.38
2015-09-02,879033.0925,8161,46.3
2015-09-03,707093.042,2241,46.75
2015-09-04,736395.302632,7802,46.02
2015-09-05,1052868.394291,2570,46.02
2015-09-06,1147642.583011,3486,46.02
2015-09-07,767382.7769737,2391,46.02
2015-09-08,677312.236066,4385,45.92
2015-09-09,705633.4998935,8964,44.13
2015-09-10,577743.795026,2597,45.85
2015-09-11,651330.167952,7873,44.75
2015-09-12,921524.436013,2572,44.75
2015-09-13,1023345.318906,3511,44.75
2015-09-14,688405.190061,2433,44.07
2015-09-15,682134.3540295,4657,44.58
2015-09-16,742089.667998,9156,47.12
2015-09-17,593577.802125,2563,46.93
2015-09-18,653805.874946,7943,44.71
2015-09-19,935893.481059,2727,44.71
2015-09-20,1037532.860693,3551,44.71
2015-09-21,717725.376959,2517,46.67
2015-09-22,641914.7389995,4480,46.17
2015-09-23,690419.721922,9189,44.53
2015-09-24,557321.610921,2352,44.94
2015-09-25,646083.8750635,7739,45.55
2015-09-26,890486.060145,2486,45.55
2015-09-27,1018062.963565,3382,45.55
2015-09-28,671261.0640092,2245,44.4
2015-09-29,609130.6581453,4278,45.24
2015-09-30,711182.539054,9027,45.06
2015-10-01,796340.858947,2231,44.75
2015-10-02,830719.387744,7801,45.54
2015-10-03,1179376.177625,2220,45.54
2015-10-04,1234130.938595,3011,45.54
2015-10-05,809524.837996,1990,46.28
2015-10-06,696169.275967,3989,48.53
2015-10-07,720562.330573,8798,47.86
2015-10-08,603066.030064,2042,49.46
2015-10-09,873934.719048,7815,49.67
2015-10-10,867556.973019,1969,49.67
2015-10-11,973329.203973,2852,49.67
2015-10-12,721634.5721813,1864,47.09
2015-10-13,585141.5538577,3899,46.7
2015-10-14,688198.106351,8778,46.63
2015-10-15,577952.197162,1289,46.38
2015-10-16,693829.351874,6959,47.3
2015-10-17,958052.958031,1355,47.3
2015-10-18,1071477.102879,2212,47.3
2015-10-19,699259.488037,1166,45.91
2015-10-20,660308.361186,3039,45.84
2015-10-21,672847.3460333,7950,45.22
2015-10-22,547020.0469813,1019,44.9
2015-10-23,639040.6062,6519,43.91
2015-10-24,859950.710621,915,43.91
2015-10-25,1018783.141953,1822,43.91
2015-10-26,649914.352338,842,43.19
2015-10-27,587066.101075,2944,43.21
2015-10-28,599388.1222552,7811,45.93
2015-10-29,511860.0689186,1392,46.02
2015-10-30,635875.8911987,7060,46.6
2015-10-31,915956.851878,1667,46.6
2015-11-01,819250.388037,2621,46.6
2015-11-02,762549.794932,1715,46.12
2015-11-03,1033439.132986,3898,47.88
2015-11-04,855494.43996,9041,46.32
2015-11-05,649662.670907,1872,45.27
2015-11-06,671145.788057,7448,44.32
2015-11-07,929723.344157,1881,44.32
2015-11-08,1077361.9559685,2868,44.32
2015-11-09,683644.901987,1707,43.87
2015-11-10,623529.1790699,3788,44.23
2015-11-11,689746.212316,8741,42.95
2015-11-12,506937.6640027,1777,41.74
2015-11-13,626674.025055,7175,40.69
2015-11-14,867597.332909,2300,40.69
2015-11-15,1056159.462651,3508,40.69
2015-11-16,716508.7092175,2524,41.68
2015-11-17,618919.988059,4525,40.73
2015-11-18,683954.18795,9935,40.75
2015-11-19,560452.567301,2888,40.55
2015-11-20,665619.668251,8109,39.39
2015-11-21,863726.8816559,2473,39.39
2015-11-22,1015844.2849005,3537,39.39
2015-11-23,696685.460932,2307,39.27
2015-11-24,612710.200935,4508,40.89
2015-11-25,658917.83013,9548,41.22
2015-11-26,530358.330027,2134,41.22
2015-11-27,645087.0350447,7812,40.57
2015-11-28,850596.003884,2432,40.57
2015-11-29,1070619.802932,3235,40.57
2015-11-30,762036.1239965,2190,40.43
2015-12-01,857620.9426407,5121,40.58
2015-12-02,867269.57584,10113,39.93
2015-12-03,676883.031992,2513,41.08
2015-12-04,749354.1319635,8073,40
2015-12-05,966202.367876,2404,40
2015-12-06,1143119.31945,3188,40
2015-12-07,822334.708983,2031,37.64
2015-12-08,712569.16983,4241,37.46
2015-12-09,747893.782087,9603,37.16
2015-12-10,657427.1785246,2013,36.76
2015-12-11,708392.807819,7574,35.65
2015-12-12,915667.884291,2179,35.65
2015-12-13,1059425.4213405,2924,35.65
2015-12-14,811613.7221567,1672,36.31
2015-12-15,779809.953397,5965,37.32
2015-12-16,859930.249129,11274,35.55
2015-12-17,809809.748717,2120,34.98
2015-12-18,893569.902701,7493,34.72
2015-12-19,1095523.5178683,2231,34.72
2015-12-20,1175416.9636673,3037,34.72
2015-12-21,1072887.476889,1811,34.55
2015-12-22,1141861.90926,4122,36.12
2015-12-23,1196146.056374,9276,36.76
2015-12-24,1083680.315238,1838,37.62
2015-12-26,946725.190766,1725,37.62
2015-12-27,837714.129168,2582,37.62
2015-12-28,789684.9127821,1316,36.36
2015-12-29,870762.025758,3848,37.88
2015-12-30,1030043.735764,9068,36.59
2015-12-31,964641.541501,1638,37.13
2016-01-01,16433.394,159,37.13
2016-01-02,1066677.424862,1832,37.13
2016-01-03,1226735.719895,2936,37.13
2016-01-04,955956.875097,1741,36.81
2016-01-05,835320.439089,3950,35.97
2016-01-06,821685.655923,8959,33.97
2016-01-07,653504.3669428,1998,33.29
2016-01-08,713608.3341557,7235,33.2
2016-01-09,989209.458148,1793,33.2
2016-01-10,1094693.83696,2700,33.2
2016-01-11,705495.240963,1467,31.42
2016-01-12,647058.461085,3683,30.42
2016-01-13,660045.317135,8823,30.42
2016-01-14,561972.62307,1917,31.22
2016-01-15,671027.100027,7696,29.45
2016-01-16,959827.146436,2282,29.45
2016-01-17,1057997.343303,3141,29.45
2016-01-18,709784.229951,2201,29.45
2016-01-19,630929.75099,4738,28.47
2016-01-20,738744.013045,10589,26.68
2016-01-21,552820.7690359,940,29.55
2016-01-22,648431.428037,6542,32.07
2016-01-23,906754.833923,924,32.07
2016-01-24,980927.7570135,1964,32.07
2016-01-25,658090.687097,782,30.31
2016-01-26,609465.787904,3075,29.54
2016-01-27,647254.67807,8217,32.32
2016-01-28,533709.8489592,2483,33.21
2016-01-29,660492.758086,8261,33.66
2016-01-30,969938.376831,2791,33.66
2016-01-31,1093211.2294,3759,33.66
2016-02-01,872063.3148838,2805,31.62
2016-02-02,765233.207779,4924,29.9
2016-02-03,772360.939004,9935,32.29
2016-02-04,650328.166941,3326,31.63
2016-02-05,768586.5079877,9244,30.86
2016-02-06,941954.07605,3667,30.86
2016-02-07,697791.630994,4184,30.86
2016-02-08,636542.677274,3245,29.71
2016-02-09,746939.64016,5542,27.96
2016-02-10,790988.713851,10965,27.54
2016-02-11,646376.371075,5650,26.19
2016-02-12,698152.0698755,11248,29.32
2016-02-13,859023.0269945,6018,29.32
2016-02-14,940214.498527,6966,29.32
2016-02-15,746671.290005,5744,29.32
2016-02-16,719111.88609,6223,29.05
2016-02-17,723794.722013,11241,30.68
2016-02-18,570072.678149,3949,30.77
2016-02-19,672510.133621,9501,29.59
2016-02-20,883790.2212395,4278,29.59
2016-02-21,991384.2700283,5431,29.59
2016-02-22,698907.63622,4009,31.37
2016-02-23,641329.0610941,6027,31.84
2016-02-24,675573.377814,11117,30.35
2016-02-25,557959.327812,3236,31.4
2016-02-26,641922.8016649,9782,31.65
2016-02-27,916704.068729,5172,31.65
2016-02-28,994502.727301,6156,31.65
2016-02-29,726619.7578255,3956,32.74
2016-03-01,897927.643296,6666,34.39
2016-03-02,878452.364907,11706,34.57
2016-03-03,671564.7523075,3490,34.56
2016-03-04,747546.7958183,9322,35.91
2016-03-05,1028620.677053,3909,35.91
2016-03-06,1078958.5091855,4730,35.91
2016-03-07,738126.524119,3446,37.9
2016-03-08,642291.3448895,5398,36.67
2016-03-09,694645.8489091,10754,37.62
2016-03-10,572491.856825,3430,37.77
2016-03-11,664893.5129268,9111,38.51
2016-03-12,898101.109871,3825,38.51
2016-03-13,954980.3301475,4613,38.51
2016-03-14,668066.393105,3453,37.2
2016-03-15,668186.702459,5709,36.32
2016-03-16,739805.377693,10828,38.43
2016-03-17,580452.5319757,4979,40.17
2016-03-18,666756.8191527,9539,39.47
2016-03-19,895038.512068,4430,39.47
2016-03-20,929605.582019,5296,39.47
2016-03-21,690469.800941,4119,39.91
2016-03-22,622695.8369947,5900,41.45
2016-03-23,714881.17408,11249,38.28
2016-03-24,660489.8450025,2340,38.14
2016-03-25,633524.200062,7584,38.14
2016-03-26,800133.5174955,2400,38.14
2016-03-27,833336.064862,3329,38.14
2016-03-28,661057.8656583,2380,37.99
2016-03-29,621166.0630926,4467,36.91
2016-03-30,660138.988943,9807,36.91
2016-03-31,617374.3379607,3581,36.94
2016-04-01,872467.320075,9793,35.36
2016-04-02,1150824.580929,3941,35.36
2016-04-03,1266908.291001,5092,35.36
2016-04-04,795237.1920635,3643,34.3
2016-04-05,725750.101045,5677,34.52
2016-04-06,744784.8430795,11186,37.74
2016-04-07,587939.720177,3080,37.3
2016-04-08,689727.1961377,9240,39.74
2016-04-09,927981.389244,4143,39.74
2016-04-10,1008876.737901,5403,39.74
2016-04-11,665348.963943,4377,40.46
2016-04-12,651657.0342615,6825,42.12
2016-04-13,672611.48105,12374,41.7
2016-04-14,546785.2089455,3484,41.45
2016-04-15,667606.299867,9158,40.4
2016-04-16,862121.492036,3954,40.4
2016-04-17,1271833.739255,4986,40.4
2016-04-18,1345920.6048929,4075,39.74
2016-04-19,1152089.208085,6110,40.88
2016-04-20,1062426.2900389,12650,42.72
2016-04-21,1001079.779168,5526,43.18
2016-04-22,857059.24399,11038,42.76
2016-04-23,1022143.1346499,5737,42.76
2016-04-24,1039369.932014,6762,42.76
2016-04-25,680000.753839,5125,41.67
2016-04-26,704799.4182328,7306,42.52
2016-04-27,670288.098041,13522,45.29
2016-04-28,543339.849013,6363,46.03
2016-04-29,708711.428894,14393,45.98
2016-04-30,1067335.770093,10349,45.98
2016-05-01,1270121.20756,12056,45.98
2016-05-02,973985.670432,9677,44.75
2016-05-03,792205.5501393,12286,43.65
2016-05-04,798654.4540987,17422,43.77
2016-05-05,648701.6029645,9971,44.33
2016-05-06,761422.5161262,16096,44.58
2016-05-07,1071192.776983,10650,44.58
2016-05-08,820824.6380683,10736,44.58
2016-05-09,771767.6541339,10233,43.45
2016-05-10,693010.486981,12099,44.68
2016-05-11,727543.4630335,15793,46.21
2016-05-12,603394.2070997,8951,46.64
2016-05-13,666833.8999414,14003,46.22
2016-05-14,932869.5212631,9545,46.22
2016-05-15,1070331.66738,10418,46.22
2016-05-16,748112.686851,8877,47.72
2016-05-17,661930.83884,10975,48.29
2016-05-18,671232.9593407,14599,48.12
2016-05-19,581470.5602065,8973,48.16
2016-05-20,706024.0579254,14004,47.67
2016-05-21,910757.16309,9307,47.67
2016-05-22,1030671.62292,10339,47.67
2016-05-23,695004.681298,8534,48.12
2016-05-24,606377.2052165,10606,48.04
2016-05-25,637512.038734,15657,49.1
2016-05-26,571968.623123,10758,49
2016-05-27,852689.219312,17133,49.36
2016-05-28,816187.2200643,11524,49.36
2016-05-29,959853.658039,12737,49.36
2016-05-30,752452.419172,11392,49.36
2016-05-31,974327.9898907,14668,49.1
2016-06-01,811525.320315,15912,49.07
2016-06-02,694535.9356793,8059,49.14
2016-06-03,742363.085208,11747,48.69
2016-06-04,1011996.61607,6666,48.69
2016-06-05,1123734.4361,7628,48.69
2016-06-06,729894.222866,6262,49.71
2016-06-07,658714.653306,8345,50.37
2016-06-08,696747.5498651,13972,51.23
2016-06-09,547139.6129411,6261,50.52
2016-06-10,637354.31962,12011,49.09
2016-06-11,845838.2061645,7639,49.09
2016-06-12,947479.764963,8585,49.09
2016-06-13,685382.193062,7235,48.89
2016-06-14,622267.7731045,9714,48.49
2016-06-15,708327.6370845,16034,47.92
2016-06-16,620526.243001,7642,46.14
2016-06-17,737897.438279,13274,48
2016-06-18,972971.109711,8524,48
2016-06-19,837363.023871,8814,48
2016-06-20,735754.3648971,7609,49.4
2016-06-21,679248.0220203,9623,48.95
2016-06-22,677730.6512057,15476,49.16
2016-06-23,559653.337429,6384,49.34
2016-06-24,641812.675912,11846,46.7
2016-06-25,860296.8349625,6984,46.7
2016-06-26,954344.666933,8257,46.7
2016-06-27,684735.608995,6513,45.8
2016-06-28,596948.934953,8118,47.93
2016-06-29,632489.476942,13620,49.85
2016-06-30,554144.864923,6662,48.27
2016-07-01,857027.5539605,12713,49.02
2016-07-02,1078485.141848,7331,49.02
2016-07-03,1126713.707945,8070,49.02
2016-07-04,850891.598845,6906,49.02
2016-07-05,728011.558041,9188,46.73
2016-07-06,752110.940641,16405,47.37
2016-07-07,591702.7820185,5265,45.22
2016-07-08,688563.400224,12532,45.37
2016-07-09,868259.9708787,7671,45.37
2016-07-10,932486.3001359,8786,45.37
2016-07-11,688436.1450485,7134,44.73
2016-07-12,627039.780111,8817,46.82
2016-07-13,642494.4024465,13382,44.87
2016-07-14,535124.328126,5346,45.64
2016-07-15,675032.4290353,11407,45.93
2016-07-16,887192.885063,6365,45.93
2016-07-17,932586.6967328,7336,45.93
2016-07-18,702619.751022,5892,45.23
2016-07-19,633176.2922806,7823,44.64
2016-07-20,686848.847004,13216,44.96
2016-07-21,578823.6890245,5644,43.96
2016-07-22,646633.655341,10352,43.41
2016-07-23,822292.472006,5882,43.41
2016-07-24,847867.677942,6813,43.41
2016-07-25,697383.602092,5681,42.4
2016-07-26,622771.923903,7550,42.16
2016-07-27,651121.9849837,10781,41.9
2016-07-28,533256.2493581,5647,41.13
2016-07-29,669585.8378729,11243,41.54
2016-07-30,910213.871959,6377,41.54
2016-07-31,997916.9572141,7050,41.54
2016-08-01,895580.405053,5349,40.05
2016-08-02,777592.8388893,7884,39.5
2016-08-03,779844.8100532,13361,40.8
2016-08-04,622883.098161,5955,41.92
2016-08-05,704092.7391311,11624,41.83
2016-08-06,858903.2119025,6266,41.83
2016-08-07,904321.436838,7562,41.83
2016-08-08,715195.5388238,6231,43.06
2016-08-09,635538.981035,8593,42.78
2016-08-10,658457.436112,13998,41.75
2016-08-11,596729.279945,6448,43.51
2016-08-12,745662.5051491,11760,44.47
2016-08-13,714905.9190669,6521,44.47
2016-08-14,761826.1289779,7400,44.47
2016-08-15,720032.299881,6925,45.72
2016-08-16,718671.651353,8896,46.57
2016-08-17,725945.703034,14445,46.81
2016-08-18,577350.5209386,6847,48.2
2016-08-19,678767.115815,12171,48.48
2016-08-20,828986.33584,7317,48.48
2016-08-21,901870.149939,8091,48.48
2016-08-22,714866.233843,6907,46.8
2016-08-23,660819.9779755,8720,47.54
2016-08-24,674613.0479498,13484,46.29
2016-08-25,554421.529139,5714,46.97
2016-08-26,646698.272887,11058,47.64
2016-08-27,791047.534486,6313,47.64
2016-08-28,858802.419759,7180,47.64
2016-08-29,671845.736816,6096,46.97
2016-08-30,624711.335056,8397,46.32
2016-08-31,731430.1240452,14079,44.68
2016-09-01,718105.570925,6204,43.17
2016-09-02,837129.587642,11445,44.39
2016-09-03,1057581.210918,5986,44.39
2016-09-04,1109985.857533,6669,44.39
2016-09-05,813763.2950235,5446,44.39
2016-09-06,751583.025072,7130,44.85
2016-09-07,738543.916999,12437,45.47
2016-09-08,595849.2986095,5757,47.63
2016-09-09,658969.026968,11435,45.88
2016-09-10,915938.559049,6595,45.88
2016-09-11,1017369.2242663,7187,45.88
2016-09-12,678776.4591265,5902,46.28
2016-09-13,603427.946974,7836,44.91
2016-09-14,624262.071976,13238,43.62
2016-09-15,568324.812986,8373,43.85
2016-09-16,691912.601466,14453,43.04
2016-09-17,899219.297508,9645,43.04
2016-09-18,1018662.657394,10453,43.04
2016-09-19,681159.341976,8924,43.34
2016-09-20,650980.3219717,10992,43.85
2016-09-21,666928.400013,16166,45.33
2016-09-22,533276.332017,9185,46.1
2016-09-23,663685.9846653,14938,44.36
2016-09-24,861830.389997,10165,44.36
2016-09-25,952352.5509251,10902,44.36
2016-09-26,664217.4402937,9248,45.6
2016-09-27,587908.3278165,11118,44.65
2016-09-28,631761.1750463,15766,47.07
2016-09-29,520744.9210333,8746,47.72
2016-09-30,703198.490806,14020,47.72
2016-10-01,1175033.65823,9040,47.72
2016-10-02,1256480.1709663,10009,47.72
2016-10-03,833060.55889,8527,48.8
2016-10-04,724113.096039,11381,48.67
2016-10-05,749712.3000211,16510,49.75
2016-10-06,581429.340158,8844,50.44
2016-10-07,797612.239327,14565,49.76
2016-10-08,932551.706831,9965,49.76
2016-10-09,1088251.479908,10957,49.76
2016-10-10,725312.8469015,9518,49.76
2016-10-11,625271.993952,11499,50.72
2016-10-12,665126.077693,15499,50.14
2016-10-13,558859.8909975,9141,50.47
2016-10-14,667954.207226,14622,50.35
2016-10-15,890613.591114,9962,50.35
2016-10-16,1104504.6882152,11029,50.35
2016-10-17,710456.4240015,8913,49.97
2016-10-18,630638.592023,10764,50.3
2016-10-19,647823.468973,15074,51.59
2016-10-20,583001.280078,8438,50.31
2016-10-21,669453.5420583,13952,50.61
2016-10-22,843626.415914,8824,50.61
2016-10-23,1022953.689959,10108,50.61
2016-10-24,668507.6451983,8278,50.18
2016-10-25,610590.8979547,10318,49.45
2016-10-26,633413.8905697,20046,48.75
2016-10-27,544361.4798829,12296,49.71
2016-10-28,638838.252231,18399,48.72
2016-10-29,841074.6969995,15002,48.72
2016-10-30,954838.191008,15945,48.72
2016-10-31,654923.5029715,13089,46.83
2016-11-01,811832.445984,15036,46.66
2016-11-02,969033.618953,21832,45.32
2016-11-03,793811.6841115,13041,44.66
2016-11-04,858468.216477,17726,44.07
2016-11-05,887751.298669,13143,44.07
2016-11-06,1140367.104134,14731,44.07
2016-11-07,849451.0429045,12332,44.88
2016-11-08,767439.628434,13995,44.96
2016-11-09,790276.839009,21413,45.2
2016-11-10,588241.7590247,11964,44.62
2016-11-11,713396.4541223,17688,43.39
2016-11-12,929802.771943,13278,43.39
2016-11-13,1188982.232398,14446,43.39
2016-11-14,735723.172977,10519,43.29
2016-11-15,691801.6290438,13178,45.86
2016-11-16,830431.7415873,20041,45.56
2016-11-17,615228.2560159,9983,45.37
2016-11-18,738265.552222,15252,45.69
2016-11-19,935656.0010137,11708,45.69
2016-11-20,1125178.987911,12877,45.69
2016-11-21,773762.280859,11295,47.48
2016-11-22,690281.251004,13276,48.07
2016-11-23,753685.041456,20488,46.72
2016-11-24,595457.3062203,11234,46.72
2016-11-25,737819.484836,17137,46.72
2016-11-26,908066.823384,12489,46.72
2016-11-27,1056721.5920875,13624,46.72
2016-11-28,752583.7680527,11861,45.66
2016-11-29,645760.5082353,13347,45.29
2016-11-30,767361.704324,19424,49.41
2016-12-01,843603.315088,12985,51.08
2016-12-02,853454.930795,18819,51.7
2016-12-03,1113440.567059,14279,51.7
2016-12-04,1276195.0362097,15186,51.7
2016-12-05,896824.938971,13159,51.72
2016-12-06,932546.385931,15573,50.95
2016-12-07,867653.7351403,26861,49.85
2016-12-08,674077.382905,13681,50.84
2016-12-09,774941.923982,19275,51.51
2016-12-10,920050.745917,14826,51.51
2016-12-11,1119324.243986,16281,51.51
2016-12-12,844251.703802,13791,52.74
2016-12-13,747161.615593,16204,52.99
2016-12-14,829763.2190675,21728,51.01
2016-12-15,747641.1828753,14623,50.9
2016-12-16,918899.786306,20131,51.93
2016-12-17,1071655.6282493,15863,51.93
2016-12-18,1260471.90859,17228,51.93
2016-12-19,1028242.8227987,15014,52.13
2016-12-20,1080402.388032,17863,52.22
2016-12-21,1181307.3270735,23427,51.44
2016-12-22,1135849.391084,15486,51.98
2016-12-23,1282145.5171351,21531,52.01
2016-12-24,1246837.8430543,15250,52.01
2016-12-26,1032770.748898,14818,52.01
2016-12-27,842475.490118,16147,52.82
2016-12-28,951533.7138481,23634,54.01
2016-12-29,894108.236835,15877,53.8
2016-12-30,1163643.0379923,21974,53.75
2016-12-31,1109012.812049,15984,53.75
2017-01-01,12082.500997,170,53.75
2017-01-02,1402306.370834,11812,53.75
2017-01-03,1104377.0798245,13906,52.36
2017-01-04,990093.463742,22918,53.26
2017-01-05,777620.9540695,8550,53.77
2017-01-06,839600.237989,15539,53.98
2017-01-07,1103806.298949,10406,53.98
2017-01-08,1192543.750978,11277,53.98
2017-01-09,793724.8969065,9647,51.95
2017-01-10,742635.5692609,11820,50.82
2017-01-11,770742.690065,17301,52.19
2017-01-12,629635.794004,9601,53.01
2017-01-13,768898.9443882,15674,52.36
2017-01-14,1021050.536226,10682,52.36
2017-01-15,1175725.165838,11548,52.36
2017-01-16,824488.666175,9912,52.36
2017-01-17,750836.542952,12064,52.45
2017-01-18,782656.0246723,18723,51.12
2017-01-19,606949.7448793,9633,51.39
2017-01-20,725703.6910875,14854,52.33
2017-01-21,1072721.724905,10194,52.33
2017-01-22,1148214.358454,11257,52.33
2017-01-23,798133.612125,9356,52.77
2017-01-24,721275.774781,11940,52.38
2017-01-25,744342.5929227,18532,52.14
2017-01-26,576515.5369877,7562,53.24
2017-01-27,722113.958837,13112,53.18
2017-01-28,977850.40585,8264,53.18
2017-01-29,1075166.993043,9260,53.18
2017-01-30,698123.768037,7330,52.63
2017-01-31,778222.285925,10584,52.75
2017-02-01,961777.382874,16375,53.9
2017-02-02,748882.732615,8017,53.55
2017-02-03,834667.1519293,13655,53.81
2017-02-04,1132788.541413,8302,53.81
2017-02-05,1151987.631095,9052,53.81
2017-02-06,786672.394181,7734,53.01
2017-02-07,739431.213302,9964,52.19
2017-02-08,783605.377185,19103,52.37
2017-02-09,624387.487899,7213,52.99
2017-02-10,752207.2398545,12607,53.84
2017-02-11,944924.65301,7840,53.84
2017-02-12,1074820.900014,8800,53.84
2017-02-13,794314.4320675,7527,52.96
2017-02-14,642613.187069,9653,53.21
2017-02-15,745780.355084,17201,53.11
2017-02-16,645968.2570671,8104,53.41
2017-02-17,758855.71279,13615,53.41
2017-02-18,1063394.844003,8434,53.41
2017-02-19,858897.1230135,9119,53.41
2017-02-20,759120.0599607,8008,53.41
2017-02-21,717807.6770255,10436,54.02
2017-02-22,739388.0344027,16096,53.61
2017-02-23,675578.500156,8374,54.48
2017-02-24,816197.498952,14147,53.99
2017-02-25,1026011.2228075,9005,53.99
2017-02-26,775708.987978,9260,53.99
2017-02-27,744956.948138,8398,54.04
2017-02-28,949366.8290505,11215,54
2017-03-01,1008521.709962,18621,53.82
2017-03-02,836225.179072,9186,52.63
2017-03-03,882639.776274,15308,53.33
2017-03-04,1125736.3470592,9661,53.33
2017-03-05,1196983.690104,10362,53.33
2017-03-06,790143.2410905,8100,53.19
2017-03-07,761866.729975,10556,52.68
2017-03-08,781046.6619577,16073,49.83
2017-03-09,653901.1919827,7340,48.75
2017-03-10,773855.30685,13248,48.05
2017-03-11,1001174.4340065,7610,48.05
2017-03-12,1146006.826973,8594,48.05
2017-03-13,754390.380036,7142,47.95
2017-03-14,700998.0346447,9650,47.24
2017-03-15,815621.887369,15436,48.34
2017-03-16,699108.166824,7569,48.3
2017-03-17,812306.77427,14263,48.34
2017-03-18,1038906.566154,8705,48.34
2017-03-19,1157140.638587,9579,48.34
2017-03-20,826428.90991,8349,47.79
2017-03-21,746620.926177,11112,47.02
2017-03-22,767880.804934,16052,47.29
2017-03-23,670848.010029,6839,47
2017-03-24,787914.125515,13150,47.3
2017-03-25,1038139.316887,8520,47.3
2017-03-26,1101557.476706,9434,47.3
2017-03-27,784103.265042,7884,47.02
2017-03-28,702943.948577,10654,48.36
2017-03-29,824632.985033,17151,49.47
2017-03-30,637624.340998,9116,50.3
2017-03-31,878750.03788,14027,50.54
2017-04-01,1463083.962459,7450,50.54
2017-04-02,1138650.058898,7946,50.54
2017-04-03,835191.622029,6545,50.25
2017-04-04,835602.6360017,9316,50.99
2017-04-05,846631.307907,15094,51.14
2017-04-06,683059.570103,6973,51.69
2017-04-07,765502.211925,12478,52.25
2017-04-08,988591.469958,7567,52.25
2017-04-09,1101713.657101,8423,52.25
2017-04-10,739392.130988,6662,53.06
2017-04-11,741331.430196,9681,53.38
2017-04-12,791762.312883,18094,53.12
2017-04-13,737029.565183,10215,53.19
2017-04-14,740889.486829,15812,53.19
2017-04-15,898610.217928,10690,53.19
2017-04-16,985493.795113,11676,53.19
2017-04-17,775916.9059055,10152,52.62
2017-04-18,717196.315762,11980,52.46
2017-04-19,735733.2142477,19618,50.49
2017-04-20,675804.0219027,11231,50.26
2017-04-21,795795.893872,18291,49.64
2017-04-22,974952.817869,12972,49.64
2017-04-23,1140070.2748035,14276,49.64
2017-04-24,755072.530945,12476,48.9
2017-04-25,718996.080637,14844,49.22
2017-04-26,781159.2829995,21140,49.22
2017-04-27,624910.0260955,12602,48.96
2017-04-28,797636.6251025,18991,49.31
2017-04-29,1068279.815941,13643,49.31
2017-04-30,1041249.2479705,14204,49.31
2017-05-01,1306699.366897,12733,48.83
2017-05-02,907324.094113,14155,47.65
2017-05-03,924247.257204,21181,47.79
2017-05-04,716654.608983,10040,45.55
2017-05-05,780798.407016,15908,46.23
2017-05-06,1039417.861868,10346,46.23
2017-05-07,1227380.607924,11503,46.23
2017-05-08,776307.495015,9552,46.46
2017-05-09,715811.198881,12040,45.84
2017-05-10,766101.907094,20292,47.28
2017-05-11,648650.413039,11109,47.81
2017-05-12,764812.415784,16721,47.83
2017-05-13,1116976.891153,12225,47.83
2017-05-14,884199.9138385,12682,47.83
2017-05-15,823035.572122,11265,48.86
2017-05-16,807803.8950783,13685,48.64
2017-05-17,841407.607944,18617,49.04
2017-05-18,628487.989962,10594,49.36
2017-05-19,773775.4378677,15706,50.32
2017-05-20,1035667.381833,10841,50.32
2017-05-21,1201938.886229,12033,50.32
2017-05-22,778935.156126,10039,50.81
2017-05-23,723151.767982,12292,51.12
2017-05-24,746303.6271255,20850,50.99
2017-05-25,620108.24391,9527,48.57
2017-05-26,984511.1521135,16458,49.58
2017-05-27,932219.893144,10604,49.58
2017-05-28,1061771.636907,11854,49.58
2017-05-29,776813.137038,10056,49.58
2017-05-30,742471.2769905,12281,49.63
2017-05-31,858062.149411,17457,48.29
2017-06-01,766859.172845,3498,48.32
2017-06-02,918421.319125,13480,47.68
2017-06-03,1176138.109152,9337,47.68
2017-06-04,1376511.520495,10512,47.68
2017-06-05,912693.8511,8750,47.4
2017-06-06,805546.647956,11319,48.13
2017-06-07,842979.8370823,17369,45.8
2017-06-08,667099.801025,10621,45.68
2017-06-09,795116.1360699,15713,45.82
2017-06-10,993732.684049,11792,45.82
2017-06-11,1213673.946877,13187,45.82
2017-06-12,768349.7589517,10854,46.1
2017-06-13,729412.959849,13186,46.41
2017-06-14,785885.9088963,20019,44.79
2017-06-15,660338.346974,10081,44.47
2017-06-16,834786.427555,15820,44.73
2017-06-17,1096133.5508865,11567,44.73
2017-06-18,965144.121179,12259,44.73
2017-06-19,791146.393731,10399,44.24
2017-06-20,787326.7170395,13072,43.34
2017-06-21,766159.0112892,21009,42.48
2017-06-22,609868.8309586,11621,42.53
2017-06-23,761049.7450639,17672,42.86
2017-06-24,963268.227135,12262,42.86
2017-06-25,1092610.858614,13371,42.86
2017-06-26,755367.8450665,10857,43.24
2017-06-27,682218.468913,13169,44.25
2017-06-28,731896.9850105,20138,44.74
2017-06-29,630811.802872,13403,44.88
2017-06-30,802273.1392327,18245,46.02
2017-07-01,1207529.921868,13017,46.02
2017-07-02,1296379.2175535,13882,46.02
2017-07-03,925143.408816,12329,46.02
2017-07-04,832359.2860137,14888,46.02
2017-07-05,844301.613116,23049,45.11
2017-07-06,700272.0099567,13192,45.52
2017-07-07,805792.302193,18485,44.25
2017-07-08,998347.1930085,13428,44.25
2017-07-09,1100833.322376,14273,44.25
2017-07-10,804158.8610365,12239,44.4
2017-07-11,730534.767701,14429,45.06
2017-07-12,748799.9959087,20226,45.48
2017-07-13,629651.3629295,10199,46.06
2017-07-14,765489.6173933,16059,46.53
2017-07-15,969077.125075,11079,46.53
2017-07-16,1100803.699023,11720,46.53
2017-07-17,818325.522149,10056,46.02
2017-07-18,730133.70894,12065,46.4
2017-07-19,767978.778078,18201,47.1
2017-07-20,688288.067857,10708,46.73
2017-07-21,782418.2992188,15340,45.78
2017-07-22,932902.046681,10070,45.78
2017-07-23,1024288.741245,10870,45.78
2017-07-24,816564.327096,9448,46.21
2017-07-25,713581.632609,11325,47.77
2017-07-26,740653.044167,18725,48.58
2017-07-27,659849.8270588,8001,49.05
2017-07-28,835099.6822035,13850,49.72
2017-07-29,1032310.865737,9099,49.72
2017-07-30,1123752.4779517,10227,49.72
2017-07-31,885856.8408705,8649,50.21
2017-08-01,988527.763204,10150,49.19
2017-08-02,964712.016051,16524,49.6
2017-08-03,728068.485132,7859,49.03
2017-08-04,827775.686128,14193,49.57
2017-08-05,965693.650492,8684,49.57
2017-08-06,1049559.164277,9565,49.57
2017-08-07,797464.963817,8209,49.37
2017-08-08,717766.3491055,10638,49.07
2017-08-09,734139.67401,16117,49.59
2017-08-10,651386.9119697,7917,48.54
2017-08-11,826373.722022,14179,48.81
2017-08-12,792630.5350785,8312,48.81
2017-08-13,865639.677471,9283,48.81
2017-08-14,760922.4060808,8043,47.59
2017-08-15,762661.935939,10605,47.57
